TLK_ID,CONV_TITLE
37196,Secure Chat Conversation
37342,CPMG Providers
37383,Clinical Care Team - Dr. Butala
40146,Secure Chat Conversation
41841,Secure Chat Conversation
42377,Secure Chat Conversation
85750,Dr. Coe's Patients
163943,Secure Chat Conversation
165352,Secure Chat Conversation
167601,Secure Chat Conversation
235722,Secure Chat Conversation
237567,Russell Checkout
291814,12 East/EMU
348740,Secure Chat Conversation
414040,Secure Chat Conversation
426586,My Person
481486,Secure Chat Conversation
483699,picu
692948,Secure Chat Conversation
835678,Secure Chat Conversation
884224,Secure Chat Conversation
902361,Team Porto
1305047,Dr. Schoenfeld Checkout
1443367,Secure Chat Conversation
1505085,PSV
1510472,Secure Chat Conversation
1562961,Secure Chat Conversation
1623251,Stephens Checkout
1658521,Secure Chat Conversation
1701060,Scheckout :)
1712560,Secure Chat Conversation
1720209,Dr. Tisdale and Team
1753796,Secure Chat Conversation
1754775,Dr. Vargo Checkout
1812390,Secure Chat Conversation
1825809,JHCP Urbana All
1908587,Secure Chat Conversation
2096940,Secure Chat Conversation
2231318,Urbana Provider Chat
2353332,Secure Chat Conversation
2537427,North Bethesda Important Info
2599309,Team Tam Chat
2810372,Secure Chat Conversation
2896819,Tech
3104331,Secure Chat Conversation
3167877,<3 Prep/ Front desk communication <3
3168790,Ride or Die
3245919,Secure Chat Conversation
3255989,CPMG MOA Team
3295453,OD TESTING
3601981,Secure Chat Conversation
3641103,ACH IR team (RNs/MDs/RTs/APPs)
3646268,Secure Chat Conversation
3661963,Secure Chat Conversation
3765292,Secure Chat Conversation
3766878,ACH IR & Anesthesia Team
3840218,Secure Chat Conversation
3846060,Secure Chat Conversation
3900958,Secure Chat Conversation
4169760,Secure Chat Conversation
4288778,Secure Chat Conversation
4466296,Secure Chat Conversation
4563129,Secure Chat Conversation
4572178,Weinberg Epidurals
4579105,XU Team Chat
4579793,Secure Chat Conversation
4696160,US CHAT
4776419,Provider -Chat
4860326,JHOC- Pharmacy
4866589,Secure Chat Conversation
4994292,PSC's & MA's
5056012,Secure Chat Conversation
5077518,Secure Chat Conversation
5089105,ALL TECHS
5140136,Secure Chat Conversation
5241906,Secure Chat Conversation
5341859,Secure Chat Conversation
5342153,Clinical support team
5345866,MOA team
5375268,Secure Chat Conversation
5484976,Secure Chat Conversation
5636271,Secure Chat Conversation
5715243,Secure Chat Conversation
5800444,Secure Chat Conversation
5858424,Secure Chat Conversation
5927937,cPCU chat
5929670,Yellow Team House Staff
5959445,Secure Chat Conversation
6064336,Secure Chat Conversation
6115118,Secure Chat Conversation
6181048,Team Jack Chat
6293791,Secure Chat Conversation
6294214,Team 2
6331709,MOA's
6333460,Team 1
6355461,Secure Chat Conversation
6388305,McLean Primary Care
6409076,Secure Chat Conversation
6443294,Secure Chat Conversation
6443620,Secure Chat Conversation
